text,label,model
"We are committed to integrating sustainable practices across our operations, focusing on reducing our environmental footprint and enhancing resource efficiency.",non-specific,gpt_4o
Our company prioritizes sustainability and strives to foster a culture of environmental stewardship that influences every aspect of our business strategies.,non-specific,gpt_4o
We actively engage with stakeholders to support climate actions and are dedicated to fostering partnerships that drive positive environmental outcomes.,non-specific,gpt_4o
"Efforts are consistently made to assess and mitigate the environmental impacts of our supply chain, ensuring that sustainability remains a core component of our procurement decisions.",non-specific,gpt_4o
"We are dedicated to promoting sustainable innovation in our product offerings, aiming to minimize ecological impacts while meeting customer needs.",non-specific,gpt_4o
"The organization places a strong emphasis on sustainability education and awareness, empowering employees to contribute to our shared climate objectives.",non-specific,gpt_4o
Our commitment to sustainability is reflected in our ongoing efforts to adapt business practices in alignment with evolving environmental standards and expectations.,non-specific,gpt_4o
"We are working diligently to integrate eco-friendly solutions into our operational processes, prioritizing long-term environmental resilience and sustainability.",non-specific,gpt_4o
Strategic collaborations with industry leaders and environmental experts support our quest to advance sustainability goals and drive meaningful climate action.,non-specific,gpt_4o
"Our sustainability vision encompasses a holistic approach, aiming to embed environmental consciousness into our corporate ethos and long-term business strategy.",non-specific,gpt_4o
Our company is committed to promoting a more sustainable future by integrating environmentally conscious practices across all aspects of our operations.,non-specific,gpt_4o
We strive to enhance our sustainability efforts by continuously exploring innovative solutions to reduce our environmental footprint.,non-specific,gpt_4o
"Our mission encompasses a dedication to sustainability, ensuring that we actively contribute to the well-being of communities and the planet.",non-specific,gpt_4o
"Embracing a sustainable mindset, we are working diligently to incorporate renewable resources and eco-friendly processes in our business strategies.",non-specific,gpt_4o
"We prioritize sustainability in our decision-making processes, aligning our business goals with positive environmental and social outcomes.",non-specific,gpt_4o
"By fostering a culture of environmental responsibility, we aim to inspire our employees and partners to take part in our sustainability journey.",non-specific,gpt_4o
Our sustainability strategy is centered around a holistic approach that considers the impact of our actions on both the environment and society.,non-specific,gpt_4o
We are dedicated to advancing sustainability by engaging with stakeholders to identify opportunities for meaningful environmental improvements.,non-specific,gpt_4o
"Our company is on a path to sustainability, emphasizing the importance of minimizing our impact on the natural world through thoughtful practices.",non-specific,gpt_4o
"Through our sustainability initiatives, we are committed to creating long-term value while working towards a healthier planet for future generations.",non-specific,gpt_4o
We are committed to integrating sustainable practices into our operations and are continuously exploring new ways to minimize our environmental footprint while supporting the communities we serve.,non-specific,gpt_4o
"Environmental stewardship remains a cornerstone of our corporate philosophy, and we strive to foster practices that contribute positively to the planet and align with our long-term sustainability vision.",non-specific,gpt_4o
"In our ongoing efforts to promote sustainability, we emphasize collaboration with stakeholders to drive environmental initiatives and catalyze meaningful change within the industry.",non-specific,gpt_4o
Our approach to sustainability is guided by a dedication to responsible resource management and an unwavering commitment to reducing our ecological impact across all areas of our business.,non-specific,gpt_4o
We recognize the importance of addressing climate change and are focused on implementing innovative solutions that support a greener future for all our stakeholders.,non-specific,gpt_4o
"Our sustainability strategy includes fostering partnerships that enhance our capacity to address environmental challenges, thereby enhancing our resilience and adaptability in a changing world.",non-specific,gpt_4o
We aim to uphold the principles of sustainability by embedding them within our corporate culture and encouraging environmentally conscious decision-making at every level of our organization.,non-specific,gpt_4o
"As part of our sustainability journey, we are dedicated to engaging with our employees, customers, and partners to promote practices that protect and preserve natural resources for future generations.",non-specific,gpt_4o
Our commitment to a sustainable future is reflected in our efforts to develop initiatives that balance ecological preservation with the needs of our business operations.,non-specific,gpt_4o
We continuously assess our environmental impact and remain agile in our pursuit of sustainable business practices that align with our ethical and corporate responsibility values.,non-specific,gpt_4o
"Our company is committed to promoting sustainability across all our operations, continually seeking innovative ways to reduce our environmental impact.",non-specific,gpt_4o
"We prioritize incorporating sustainable practices into our supply chain, fostering long-term relationships with partners who share our commitment to environmental stewardship.",non-specific,gpt_4o
"Our organization actively engages in initiatives to enhance our sustainability efforts, ensuring a positive contribution to global environmental goals.",non-specific,gpt_4o
"We support a culture of environmental responsibility throughout our business, encouraging employees to participate in sustainable practices and decision-making.",non-specific,gpt_4o
Our sustainability strategy focuses on integrating eco-friendly solutions as we progress toward a more responsible and sustainable business model.,non-specific,gpt_4o
"We are dedicated to exploring sustainable opportunities within our industry, striving to lead by example in our approach to environmental challenges.",non-specific,gpt_4o
"Our commitment to sustainability drives us to continually assess and improve our environmental practices, reinforcing our role as a responsible corporate citizen.",non-specific,gpt_4o
"We engage with stakeholders to understand the evolving landscape of sustainability, ensuring our practices align with broader environmental expectations.",non-specific,gpt_4o
"Our approach to sustainability includes a focus on innovation, seeking new ways to enhance our ecological footprint while maintaining operational efficiency.",non-specific,gpt_4o
We aspire to create a sustainable future by embedding environmentally conscious approaches into every aspect of our business activities.,non-specific,gpt_4o
Our company is committed to fostering sustainability through ongoing initiatives that integrate environmental considerations into our business operations to ensure a healthier planet for future generations.,non-specific,gpt_4o
"We continually strive to enhance our sustainability efforts by promoting responsible practices across our supply chain, ensuring that we uphold our commitment to environmental stewardship.",non-specific,gpt_4o
"Through collaboration with industry partners, our organization aims to advance sustainable practices and foster innovation that addresses climate change challenges in a meaningful way.",non-specific,gpt_4o
"Our focus on sustainability drives us to explore new opportunities that align with our values, enabling us to contribute positively to the global effort in addressing climate-related issues.",non-specific,gpt_4o
We recognize the importance of corporate responsibility in sustainability efforts and are dedicated to incorporating environmental awareness into every facet of our decision-making process.,non-specific,gpt_4o
Our approach to sustainability involves engaging with stakeholders to develop strategic initiatives that support the transition to a more sustainable and resilient business model.,non-specific,gpt_4o
We are dedicated to pursuing sustainability goals that empower us to minimize our ecological footprint while supporting long-term business growth and environmental conservation.,non-specific,gpt_4o
Our company prioritizes sustainable development by fostering a culture of environmental responsibility and innovation that supports a balanced ecosystem and thriving communities.,non-specific,gpt_4o
"We are continuously exploring new methodologies to integrate sustainable practices within our corporate framework, ensuring alignment with global efforts to combat climate change.",non-specific,gpt_4o
"Our organization is committed to a sustainable future by embedding eco-conscious strategies across our operations, reinforcing our role in promoting environmental well-being and societal progress.",non-specific,gpt_4o
"Our company is deeply committed to sustainability, continuously exploring innovative ways to minimize our environmental impact and contribute positively to the world.",non-specific,gpt_4o
"We prioritize sustainability across all aspects of our operations, ensuring that we incorporate environmentally responsible practices into our strategic decision-making processes.",non-specific,gpt_4o
"In alignment with our corporate values, we are dedicated to reducing our ecological footprint through ongoing efforts that support the health of our planet and its resources.",non-specific,gpt_4o
We understand the importance of addressing climate change and are actively developing initiatives that reflect our commitment to promoting a sustainable future for all.,non-specific,gpt_4o
"Our approach to sustainability is integrated into our business operations, focusing on long-term environmental stewardship while maintaining our corporate responsibilities.",non-specific,gpt_4o
"We strive to create a culture of sustainability within the company, encouraging practices that support environmental protection and the well-being of future generations.",non-specific,gpt_4o
"Our leadership is continually engaged in developing strategies to enhance our sustainability efforts, recognizing the importance of sustainable growth in our industry.",non-specific,gpt_4o
We are devoted to fostering partnerships and collaborations that further our mission to positively impact the environment and promote sustainable development.,non-specific,gpt_4o
"Sustainability is a cornerstone of our corporate philosophy, and we are committed to advancing practices that align with our vision of a greener, more sustainable future.",non-specific,gpt_4o
"We are actively working to integrate sustainability into our core business strategies, looking at opportunities for innovation that align with our environmental values.",non-specific,gpt_4o
"In 2022, our company achieved a 15% reduction in Scope 1 and Scope 2 greenhouse gas emissions, decreasing our total emissions from 250,000 tonnes CO2e in 2021 to 212,500 tonnes CO2e.",specific,gpt_4o
"Our sustainability strategy led to a 20% increase in the use of renewable energy, now accounting for 65% of our total energy consumption in 2023, compared to 45% in 2022.",specific,gpt_4o
"By transitioning our fleet to electric vehicles, we have reduced our transportation-related emissions by 30%, from 60,000 tonnes CO2e in 2022 to 42,000 tonnes CO2e in 2023.",specific,gpt_4o
"We have committed to achieving net zero emissions by 2040, with interim targets of reducing our Scope 3 emissions by 35% by 2028 from a 2020 baseline.",specific,gpt_4o
"In 2023, we recycled 80% of our industrial waste, diverting 320,000 tonnes from landfills, significantly surpassing our goal of a 75% recycling rate.",specific,gpt_4o
"Our water conservation initiatives have reduced our water usage by 25%, saving approximately 500 million liters in 2023 compared to our 2020 baseline.",specific,gpt_4o
"This year, we planted 500,000 trees in our reforestation project, which is projected to sequester approximately 250,000 tonnes of CO2e over the next 20 years.",specific,gpt_4o
"We have reduced our product packaging by 50%, saving over 2,000 tonnes of plastic in 2023, aligning with our sustainability commitment to eliminate single-use plastics by 2025.",specific,gpt_4o
"Through our supply chain engagement program, 70% of our suppliers have now set science-based targets for emissions reduction, with a goal to reach 100% by 2025.",specific,gpt_4o
"In 2023, our new energy efficiency measures have saved 150,000 MWh of electricity, reducing our annual operating costs by $12 million and our carbon emissions by 75,000 tonnes CO2e.",specific,gpt_4o
"In 2022, our company reduced its Scope 1 and Scope 2 greenhouse gas emissions by 15%, resulting in an annual decrease of 5,000 tonnes of CO2 compared to the previous year, aligning with our target of achieving a 50% reduction by 2030.",specific,gpt_4o
"Last year, we invested $2 million in renewable energy projects, which increased our solar power capacity by 20 megawatts, contributing to our goal of sourcing 60% of our energy needs from renewables by 2025.",specific,gpt_4o
"We achieved a 35% reduction in water usage across all manufacturing facilities in 2023, saving approximately 150,000 cubic meters of water, as part of our commitment to reduce water usage by 50% by 2026.",specific,gpt_4o
"In 2023, our company diverted 92% of waste from landfill across all operational sites, reinforcing our pledge to become a zero-waste company by 2028.",specific,gpt_4o
"Our 2023 employee commuting survey revealed a 30% increase in the use of public transportation, reducing our Scope 3 emissions by approximately 2,500 tonnes of CO2 annually.",specific,gpt_4o
"This year, we launched a new sustainable packaging initiative that reduced plastic use by 70 tonnes, meeting our interim target towards eliminating single-use plastics by 2025.",specific,gpt_4o
"In 2022, we introduced energy efficiency upgrades across our facilities, resulting in a 25% reduction in electricity consumption, equivalent to saving 10,000 MWh of energy per year.",specific,gpt_4o
"Our fleet electrification strategy led to the integration of 100 electric vehicles in 2023, cutting our fleet emissions by 40%, with the goal of achieving a fully electric fleet by 2030.",specific,gpt_4o
"In 2023, we worked with suppliers to enhance the sustainability of our supply chain, successfully reducing Scope 3 emissions by 10%, equaling 8,000 tonnes of CO2, in line with our net-zero by 2040 objective.",specific,gpt_4o
"This year, we achieved a 20% increase in recycled content across our product line, resulting in 500 fewer tonnes of virgin material usage, moving steadily towards our target of 100% circular products by 2030.",specific,gpt_4o
"In 2022, we successfully reduced our Scope 1 and Scope 2 emissions by 15%, totaling 20,000 tonnes CO2 equivalent, through the implementation of energy-efficient lighting and renewable energy sources across our facilities.",specific,gpt_4o
"Our company is committed to achieving net-zero carbon emissions by 2040, with an interim target of reducing total greenhouse gas emissions by 50% by 2030, from a 2018 baseline.",specific,gpt_4o
"Last year, we diverted 85% of our total waste from landfills, equating to 12,000 tonnes, by enhancing our recycling programs and composting initiatives across all operational sites.",specific,gpt_4o
"By incorporating recycled materials and redesigning our products, we have decreased water usage in our manufacturing processes by 25% over the past five years, saving approximately 500 million liters annually.",specific,gpt_4o
"We have installed over 10,000 solar panels at our main production plant, which generate approximately 6,500 MWh of renewable energy each year, contributing to a 30% reduction in electricity purchased from non-renewable sources.",specific,gpt_4o
"Our supply chain's carbon footprint has been cut by 12% in 2023, saving 5,000 tonnes of CO2e, through logistics optimization and increased use of local suppliers.",specific,gpt_4o
"With the introduction of electric vehicle fleets, we achieved a 40% reduction in transportation-related emissions in 2025, equating to a decrease of 4,500 tonnes of CO2.",specific,gpt_4o
"To combat deforestation, we have invested in reforestation initiatives, planting over 500,000 trees in the past year, which are projected to sequester approximately 1,250 tonnes of CO2 annually once mature.",specific,gpt_4o
"Our energy efficiency projects have led to a 22% reduction in energy consumption, saving 18,000 MWh across our operations in 2024, primarily through upgraded HVAC systems and insulation improvements.",specific,gpt_4o
"By 2026, we aim to have all our packaging materials be 100% recyclable, with a current milestone of achieving 70% recyclability by the end of 2023.",specific,gpt_4o
"In 2022, our company reduced its total greenhouse gas emissions by 15%, achieving a reduction of 25,000 tonnes of CO2 equivalent, primarily through energy efficiency improvements in our manufacturing processes.",specific,gpt_4o
"We have set a target to source 100% of our electricity from renewable sources by 2025, and as of this year, we have reached 70% renewable energy use across our global operations.",specific,gpt_4o
"Our water conservation initiatives in 2023 led to a 20% decrease in water usage, saving approximately 500,000 cubic meters compared to our 2019 baseline.",specific,gpt_4o
"By implementing a new waste management program, we diverted 85% of our waste from landfills in 2023, representing an increase from 60% in 2020.",specific,gpt_4o
"In 2023, we invested $10 million in carbon capture technologies to sequester 50,000 tonnes of CO2 annually from our production facilities.",specific,gpt_4o
"We are committed to reducing our Scope 1 and Scope 2 emissions by 30% by 2030, and as of 2023, we have already achieved a 10% reduction, equal to 100,000 tonnes of CO2 equivalent.",specific,gpt_4o
"Our sustainability efforts include planting 1 million trees by 2024, and to date, we have successfully planted 600,000 trees, which are estimated to sequester 15,000 tonnes of CO2 over their lifetime.",specific,gpt_4o
"We reduced our single-use plastic packaging by 40% in 2023, eliminating approximately 1,200 tonnes of plastic waste compared to the previous year.",specific,gpt_4o
"Our 2023 employee engagement program achieved a 50% participation rate in sustainability training, equipping 5,000 employees with the knowledge to integrate sustainable practices into their work.",specific,gpt_4o
"As part of our commitment to sustainable transportation, we increased our electric vehicle fleet by 25% in 2023, resulting in a reduction of 10,000 tonnes of CO2 from our logistical operations.",specific,gpt_4o
"In 2023, we achieved a 12% reduction in Scope 1 and Scope 2 greenhouse gas emissions compared to our 2020 baseline, reducing our total emissions to 150,000 tonnes of CO2 equivalent.",specific,gpt_4o
"Our renewable energy initiatives have led us to source 65% of our electricity from wind and solar farms, aiming for 100% renewable energy by 2030.",specific,gpt_4o
"This year, we recycled 40,000 tonnes of waste across all our operations, which represents a 30% increase from 2022, significantly reducing landfill contributions.",specific,gpt_4o
"We have reduced water usage across our manufacturing plants by 25 million gallons annually, aligning with our goal to decrease water consumption by 50% by 2025.",specific,gpt_4o
"Through innovation in our logistics and supply chain, we have cut our Scope 3 transportation emissions by 8,000 tonnes of CO2, a 15% decrease from our last fiscal year.",specific,gpt_4o
"In 2023, our electric vehicle fleet expansion reached 300 vehicles, which contributes to our 2025 target of operating 500 electric vehicles company-wide.",specific,gpt_4o
"Our product redesign initiative resulted in 80% of our packaging being recyclable or compostable, up from 60% last year, as we aim for 100% by 2024.",specific,gpt_4o
"We have invested $2 million in carbon offset projects this year, neutralizing 10,000 tonnes of CO2 emissions to meet our net-zero targets by 2035.",specific,gpt_4o
"Employee engagement in sustainability practices has seen a 20% increase, with 4,500 employees participating in our Green Ambassador Program this year.",specific,gpt_4o
"Our new energy efficiency program has reduced energy consumption in our headquarters by 500,000 kWh annually, cutting down our carbon footprint by 350 tonnes of CO2 equivalents.",specific,gpt_4o
"In 2022, our company achieved a 15% reduction in Scope 1 and 2 emissions, bringing our total emissions down to 200,000 tonnes CO2 equivalent compared to the previous year, and aligning us with our goal to reach net-zero by 2030.",specific,gpt_4o
"We have invested $50 million in renewable energy projects, which has enabled us to generate 80,000 MWh of solar power annually and reduced our reliance on fossil fuels by 25% over the past year.",specific,gpt_4o
"Our waste management initiatives have successfully diverted 85% of our waste from landfills, resulting in a 10% decrease in total waste output, measured at 1,800 tonnes in 2023.",specific,gpt_4o
"By implementing advanced irrigation techniques across our agricultural operations, we have reduced water usage by 30% in 2022, saving approximately 500 million liters annually.",specific,gpt_4o
"Our new logistics strategy has decreased delivery-related emissions by 12% in 2023, with transportation logistics now contributing only 50,000 tonnes CO2 equivalent to our annual carbon footprint.",specific,gpt_4o
"We have transitioned 60% of our vehicle fleet to electric models, contributing to a 25% reduction in Scope 1 emissions, totaling 30,000 tonnes CO2 equivalents avoided in 2023.",specific,gpt_4o
"As of the end of 2023, 40% of our manufacturing facilities are now powered by renewable energy, significantly advancing our target of complete renewable energy usage by 2025.",specific,gpt_4o
"Our sustainable packaging initiative resulted in a 20% reduction of plastic use, which conserved 200 tonnes of plastic in 2023 and supports our commitment to making all packaging recyclable by 2025.",specific,gpt_4o
"The installation of energy-efficient LED lighting across all our offices has cut our electricity consumption by 18% annually, saving approximately 1,200 MWh since implementation.",specific,gpt_4o
"Our commitment to reforestation saw the planting of 100,000 trees in 2023, capturing an estimated 20,000 tonnes CO2 over their lifetimes, as a part of our biodiversity enhancement efforts.",specific,gpt_4o
